image,label
1000-1000-1000_new.jpg,temp
1001-1001-1001_new.jpg,temp
1003-1003-1003_new.jpg,temp
1004-1004-1004_new.jpg,temp
1005-1005-1005_new.jpg,temp
1006-1006-1006_new.jpg,temp
1007-1007-1007_new.jpg,temp
1008-1008-1008_new.jpg,temp
1009-1009-1009_new.jpg,temp
1010-1010-1010_new.jpg,temp
1011-1011-1011_new.jpg,temp
1012-1012-1012_new.jpg,temp
1013-1013-1013_new.jpg,temp
1014-1014-1014_new.jpg,temp
1015-1015-1015_new.jpg,temp
1016-1016-1016_new.jpg,temp
1017-1017-1017_new.jpg,temp
1018-1018-1018_new.jpg,temp
1019-1019-1019_new.jpg,temp
1020-1020-1020_new.jpg,temp
1021-1021-1021_new.jpg,temp
1022-1022-1022_new.jpg,temp
1023-1023-1023_new.jpg,temp
1024-1024-1024_new.jpg,temp
1025-1025-1025_new.jpg,temp
1026-1026-1026_new.jpg,temp
1027-1027-1027_new.jpg,temp
1028-1028-1028_new.jpg,temp
1029-1029-1029_new.jpg,temp
1030-1030-1030_new.jpg,temp
1031-1031-1031_new.jpg,temp
1032-1032-1032_new.jpg,temp
1033-1033-1033_new.jpg,temp
1034-1034-1034_new.jpg,temp
1035-1035-1035_new.jpg,temp
1036-1036-1036_new.jpg,temp
1038-1038-1038_new.jpg,temp
1039-1039-1039_new.jpg,temp
1040-1040-1040_new.jpg,temp
1041-1041-1041_new.jpg,temp
1042-1042-1042_new.jpg,temp
1043-1043-1043_new.jpg,temp
1045-1045-1045_new.jpg,temp
1046-1046-1046_new.jpg,temp
1047-1047-1047_new.jpg,temp
1048-1048-1048_new.jpg,temp
1049-1049-1049_new.jpg,temp
1050-1050-1050_new.jpg,temp
1051-1051-1051_new.jpg,temp
1052-1052-1052_new.jpg,temp
1053-1053-1053_new.jpg,temp
1055-1055-1055_new.jpg,temp
1056-1056-1056_new.jpg,temp
1057-1057-1057_new.jpg,temp
106-106-106_new.jpg,temp
107-107-107_new.jpg,temp
108-108-108_new.jpg,temp
109-109-109_new.jpg,temp
110-110-110_new.jpg,temp
111-111-111_new.jpg,temp
112-112-112_new.jpg,temp
113-113-113_new.jpg,temp
114-114-114_new.jpg,temp
115-115-115_new.jpg,temp
116-116-116_new.jpg,temp
117-117-117_new.jpg,temp
118-118-118_new.jpg,temp
119-119-119_new.jpg,temp
120-120-120_new.jpg,temp
121-121-121_new.jpg,temp
122-122-122_new.jpg,temp
123-123-123_new.jpg,temp
124-124-124_new.jpg,temp
125-125-125_new.jpg,temp
126-126-126_new.jpg,temp
127-127-127_new.jpg,temp
128-128-128_new.jpg,temp
130-130-130_new.jpg,temp
131-131-131_new.jpg,temp
132-132-132_new.jpg,temp
133-133-133_new.jpg,temp
134-134-134_new.jpg,temp
135-135-135_new.jpg,temp
136-136-136_new.jpg,temp
137-137-137_new.jpg,temp
138-138-138_new.jpg,temp
139-139-139_new.jpg,temp
140-140-140_new.jpg,temp
141-141-141_new.jpg,temp
142-142-142_new.jpg,temp
143-143-143_new.jpg,temp
144-144-144_new.jpg,temp
146-146-146_new.jpg,temp
147-147-147_new.jpg,temp
148-148-148_new.jpg,temp
149-149-149_new.jpg,temp
150-150-150_new.jpg,temp
151-151-151_new.jpg,temp
152-152-152_new.jpg,temp
153-153-153_new.jpg,temp
154-154-154_new.jpg,temp
155-155-155_new.jpg,temp
156-156-156_new.jpg,temp
157-157-157_new.jpg,temp
158-158-158_new.jpg,temp
159-159-159_new.jpg,temp
160-160-160_new.jpg,temp
161-161-161_new.jpg,temp
162-162-162_new.jpg,temp
163-163-163_new.jpg,temp
164-164-164_new.jpg,temp
165-165-165_new.jpg,temp
166-166-166_new.jpg,temp
167-167-167_new.jpg,temp
168-168-168_new.jpg,temp
169-169-169_new.jpg,temp
170-170-170_new.jpg,temp
171-171-171_new.jpg,temp
172-172-172_new.jpg,temp
173-173-173_new.jpg,temp
174-174-174_new.jpg,temp
175-175-175_new.jpg,temp
176-176-176_new.jpg,temp
177-177-177_new.jpg,temp
179-179-179_new.jpg,temp
180-180-180_new.jpg,temp
181-181-181_new.jpg,temp
182-182-182_new.jpg,temp
183-183-183_new.jpg,temp
185-185-185_new.jpg,temp
186-186-186_new.jpg,temp
187-187-187_new.jpg,temp
188-188-188_new.jpg,temp
189-189-189_new.jpg,temp
190-190-190_new.jpg,temp
191-191-191_new.jpg,temp
192-192-192_new.jpg,temp
193-193-193_new.jpg,temp
195-195-195_new.jpg,temp
196-196-196_new.jpg,temp
197-197-197_new.jpg,temp
198-198-198_new.jpg,temp
199-199-199_new.jpg,temp
200-200-200_new.jpg,temp
201-201-201_new.jpg,temp
202-202-202_new.jpg,temp
203-203-203_new.jpg,temp
204-204-204_new.jpg,temp
205-205-205_new.jpg,temp
206-206-206_new.jpg,temp
207-207-207_new.jpg,temp
208-208-208_new.jpg,temp
209-209-209_new.jpg,temp
210-210-210_new.jpg,temp
212-212-212_new.jpg,temp
213-213-213_new.jpg,temp
214-214-214_new.jpg,temp
215-215-215_new.jpg,temp
216-216-216_new.jpg,temp
218-218-218_new.jpg,temp
219-219-219_new.jpg,temp
220-220-220_new.jpg,temp
221-221-221_new.jpg,temp
222-222-222_new.jpg,temp
223-223-223_new.jpg,temp
224-224-224_new.jpg,temp
225-225-225_new.jpg,temp
226-226-226_new.jpg,temp
227-227-227_new.jpg,temp
228-228-228_new.jpg,temp
229-229-229_new.jpg,temp
230-230-230_new.jpg,temp
231-231-231_new.jpg,temp
232-232-232_new.jpg,temp
233-233-233_new.jpg,temp
234-234-234_new.jpg,temp
235-235-235_new.jpg,temp
236-236-236_new.jpg,temp
1002-1002-1002_new.jpg,temp
1037-1037-1037_new.jpg,temp
1044-1044-1044_new.jpg,temp
105-105-105_new.jpg,temp
1054-1054-1054_new.jpg,temp
129-129-129_new.jpg,temp
145-145-145_new.jpg,temp
178-178-178_new.jpg,temp
184-184-184_new.jpg,temp
194-194-194_new.jpg,temp
211-211-211_new.jpg,temp
217-217-217_new.jpg,temp
